4000,1000,RocketfuelBigtopo,2,0.03,10,rocketfuel37.txt
4000,1000,RocketfuelBigtopo,2,0.03,10,rocketfuel37.txt
4000,1000,RocketfuelBigtopo,2,0.03,10,rocketfuel37.txt
4000,1000,RocketfuelBigtopo,2,0.03,10,rocketfuel37.txt
4000,1000,RocketfuelBigtopo,2,0.03,10,rocketfuel37.txt
4000,1000,RocketfuelBigtopo,2,0.03,10,rocketfuel37.txt
4000,1000,RocketfuelBigtopo,2,0.03,10,rocketfuel37.txt
4000,1000,RocketfuelBigtopo,2,0.03,10,rocketfuel37.txt
4000,1000,RocketfuelBigtopo,2,0.03,10,rocketfuel37.txt
4000,1000,RocketfuelBigtopo,2,0.03,10,rocketfuel37.txt
4000,1000,RocketfuelBigtopo,2,0.03,10,rocketfuel37.txt
4000,1000,RocketfuelBigtopo,2,0.03,10,rocketfuel37.txt
4000,1000,RocketfuelBigtopo,2,0.03,10,rocketfuel37.txt
4000,1000,RocketfuelBigtopo,2,0.03,10,rocketfuel37.txt
4000,1000,RocketfuelBigtopo,2,0.03,10,rocketfuel37.txt
4000,1000,RocketfuelBigtopo,2,0.03,10,rocketfuel37.txt
4000,1000,RocketfuelBigtopo,2,0.03,10,rocketfuel37.txt
4000,1000,RocketfuelBigtopo,2,0.03,10,rocketfuel37.txt
4000,1000,RocketfuelBigtopo,2,0.03,10,rocketfuel37.txt
4000,1000,RocketfuelBigtopo,2,0.03,10,rocketfuel37.txt
4000,1000,RocketfuelBigtopo,2,0.03,10,rocketfuel37.txt
4000,1000,RocketfuelBigtopo,2,0.03,10,rocketfuel37.txt
4000,1000,RocketfuelBigtopo,2,0.03,10,rocketfuel37.txt
4000,1000,RocketfuelBigtopo,2,0.03,10,rocketfuel37.txt
4000,1000,RocketfuelBigtopo,2,0.03,10,rocketfuel37.txt
4000,1000,RocketfuelBigtopo,2,0.03,10,rocketfuel37.txt
4000,1000,RocketfuelBigtopo,2,0.03,10,rocketfuel37.txt
4000,1000,RocketfuelBigtopo,2,0.03,10,rocketfuel37.txt
4000,1000,RocketfuelBigtopo,2,0.03,10,rocketfuel37.txt
4000,1000,RocketfuelBigtopo,2,0.03,10,rocketfuel37.txt
4000,1000,RocketfuelBigtopo,2,0.03,10,rocketfuel37.txt
4000,1000,RocketfuelBigtopo,2,0.03,10,rocketfuel37.txt
4000,1000,RocketfuelBigtopo,2,0.03,10,rocketfuel37.txt
4000,1000,RocketfuelBigtopo,2,0.03,10,rocketfuel37.txt
4000,1000,RocketfuelBigtopo,2,0.03,10,rocketfuel37.txt
4000,1000,RocketfuelBigtopo,2,0.03,10,rocketfuel37.txt
4000,1000,RocketfuelBigtopo,2,0.03,10,rocketfuel37.txt
4000,1000,RocketfuelBigtopo,2,0.03,10,rocketfuel37.txt
4000,1000,RocketfuelBigtopo,2,0.03,10,rocketfuel37.txt
4000,1000,RocketfuelBigtopo,2,0.03,10,rocketfuel37.txt
4000,1000,RocketfuelBigtopo,2,0.03,10,rocketfuel37.txt
4000,1000,RocketfuelBigtopo,2,0.03,10,rocketfuel37.txt
4000,1000,RocketfuelBigtopo,2,0.03,10,rocketfuel37.txt
4000,1000,RocketfuelBigtopo,2,0.03,10,rocketfuel37.txt
4000,1000,RocketfuelBigtopo,2,0.03,10,rocketfuel37.txt
4000,1000,RocketfuelBigtopo,2,0.03,10,rocketfuel37.txt
4000,1000,RocketfuelBigtopo,2,0.03,10,rocketfuel37.txt
4000,1000,RocketfuelBigtopo,2,0.03,10,rocketfuel37.txt
4000,1000,RocketfuelBigtopo,2,0.03,10,rocketfuel37.txt
4000,1000,RocketfuelBigtopo,2,0.03,10,rocketfuel37.txt
4000,1000,RocketfuelBigtopo,2,0.03,10,rocketfuel37.txt
4000,1000,RocketfuelBigtopo,2,0.03,10,rocketfuel37.txt
4000,1000,RocketfuelBigtopo,2,0.03,10,rocketfuel37.txt
4000,1000,RocketfuelBigtopo,2,0.03,10,rocketfuel37.txt
4000,1000,RocketfuelBigtopo,2,0.03,10,rocketfuel37.txt
4000,1000,RocketfuelBigtopo,2,0.03,10,rocketfuel37.txt
4000,1000,RocketfuelBigtopo,2,0.03,10,rocketfuel37.txt
4000,1000,RocketfuelBigtopo,2,0.03,10,rocketfuel37.txt
4000,1000,RocketfuelBigtopo,2,0.03,10,rocketfuel37.txt
4000,1000,RocketfuelBigtopo,2,0.03,10,rocketfuel37.txt
4000,1000,RocketfuelBigtopo,2,0.03,10,rocketfuel37.txt
4000,1000,RocketfuelBigtopo,2,0.03,10,rocketfuel37.txt
4000,1000,RocketfuelBigtopo,2,0.03,10,rocketfuel37.txt
4000,1000,RocketfuelBigtopo,2,0.03,10,rocketfuel37.txt
4000,1000,RocketfuelBigtopo,2,0.03,10,rocketfuel37.txt
4000,1000,RocketfuelBigtopo,2,0.03,10,rocketfuel37.txt
4000,1000,RocketfuelBigtopo,2,0.03,10,rocketfuel37.txt
4000,1000,RocketfuelBigtopo,2,0.03,10,rocketfuel37.txt
4000,1000,RocketfuelBigtopo,2,0.03,10,rocketfuel37.txt
4000,1000,RocketfuelBigtopo,2,0.03,10,rocketfuel37.txt
4000,1000,RocketfuelBigtopo,2,0.03,10,rocketfuel37.txt
4000,1000,RocketfuelBigtopo,2,0.03,10,rocketfuel37.txt
4000,1000,RocketfuelBigtopo,2,0.03,10,rocketfuel37.txt
4000,1000,RocketfuelBigtopo,2,0.03,10,rocketfuel37.txt
4000,1000,RocketfuelBigtopo,2,0.03,10,rocketfuel37.txt
4000,1000,RocketfuelBigtopo,2,0.03,10,rocketfuel37.txt
4000,1000,RocketfuelBigtopo,2,0.03,10,rocketfuel37.txt
4000,1000,RocketfuelBigtopo,2,0.03,10,rocketfuel37.txt
4000,1000,RocketfuelBigtopo,2,0.03,10,rocketfuel37.txt
4000,1000,RocketfuelBigtopo,2,0.03,10,rocketfuel37.txt
4000,1000,RocketfuelBigtopo,2,0.03,10,rocketfuel37.txt
4000,1000,RocketfuelBigtopo,2,0.03,10,rocketfuel37.txt
4000,1000,RocketfuelBigtopo,2,0.03,10,rocketfuel37.txt
4000,1000,RocketfuelBigtopo,2,0.03,10,rocketfuel37.txt
4000,1000,RocketfuelBigtopo,2,0.03,10,rocketfuel37.txt
4000,1000,RocketfuelBigtopo,2,0.03,10,rocketfuel37.txt
4000,1000,RocketfuelBigtopo,2,0.03,10,rocketfuel37.txt
4000,1000,RocketfuelBigtopo,2,0.03,10,rocketfuel37.txt
4000,1000,RocketfuelBigtopo,2,0.03,10,rocketfuel37.txt
4000,1000,RocketfuelBigtopo,2,0.03,10,rocketfuel37.txt
4000,1000,RocketfuelBigtopo,2,0.03,10,rocketfuel37.txt
4000,1000,RocketfuelBigtopo,2,0.03,10,rocketfuel37.txt
4000,1000,RocketfuelBigtopo,2,0.03,10,rocketfuel37.txt
4000,1000,RocketfuelBigtopo,2,0.03,10,rocketfuel37.txt
4000,1000,RocketfuelBigtopo,2,0.03,10,rocketfuel37.txt
4000,1000,RocketfuelBigtopo,2,0.03,10,rocketfuel37.txt
4000,1000,RocketfuelBigtopo,2,0.03,10,rocketfuel37.txt
4000,1000,RocketfuelBigtopo,2,0.03,10,rocketfuel37.txt
4000,1000,RocketfuelBigtopo,2,0.03,10,rocketfuel37.txt
4000,1000,RocketfuelBigtopo,2,0.03,10,rocketfuel37.txt
4000,1000,RocketfuelBigtopo,2,0.03,10,rocketfuel37.txt
4000,1000,RocketfuelBigtopo,2,0.03,10,rocketfuel37.txt
4000,1000,RocketfuelBigtopo,2,0.03,10,rocketfuel37.txt
4000,1000,RocketfuelBigtopo,2,0.03,10,rocketfuel37.txt
4000,1000,RocketfuelBigtopo,2,0.03,10,rocketfuel37.txt
4000,1000,RocketfuelBigtopo,2,0.03,10,rocketfuel37.txt
4000,1000,RocketfuelBigtopo,2,0.03,10,rocketfuel37.txt
4000,1000,RocketfuelBigtopo,2,0.03,10,rocketfuel37.txt
4000,1000,RocketfuelBigtopo,2,0.03,10,rocketfuel37.txt
4000,1000,RocketfuelBigtopo,2,0.03,10,rocketfuel37.txt
4000,1000,RocketfuelBigtopo,2,0.03,10,rocketfuel37.txt
4000,1000,RocketfuelBigtopo,2,0.03,10,rocketfuel37.txt
4000,1000,RocketfuelBigtopo,2,0.03,10,rocketfuel37.txt
4000,1000,RocketfuelBigtopo,2,0.03,10,rocketfuel37.txt
4000,1000,RocketfuelBigtopo,2,0.03,10,rocketfuel37.txt
4000,1000,RocketfuelBigtopo,2,0.03,10,rocketfuel37.txt
4000,1000,RocketfuelBigtopo,2,0.03,10,rocketfuel37.txt
4000,1000,RocketfuelBigtopo,2,0.03,10,rocketfuel37.txt
4000,1000,RocketfuelBigtopo,2,0.03,10,rocketfuel37.txt
4000,1000,RocketfuelBigtopo,2,0.03,10,rocketfuel37.txt
4000,1000,RocketfuelBigtopo,2,0.03,10,rocketfuel37.txt
4000,1000,RocketfuelBigtopo,2,0.03,10,rocketfuel37.txt
4000,1000,RocketfuelBigtopo,2,0.03,10,rocketfuel37.txt
4000,1000,RocketfuelBigtopo,2,0.03,10,rocketfuel37.txt
4000,1000,RocketfuelBigtopo,2,0.03,10,rocketfuel37.txt
4000,1000,RocketfuelBigtopo,2,0.03,10,rocketfuel37.txt
4000,1000,RocketfuelBigtopo,2,0.03,10,rocketfuel37.txt
4000,1000,RocketfuelBigtopo,2,0.03,10,rocketfuel37.txt
4000,1000,RocketfuelBigtopo,2,0.03,10,rocketfuel37.txt
4000,1000,RocketfuelBigtopo,2,0.03,10,rocketfuel37.txt
4000,1000,RocketfuelBigtopo,2,0.03,10,rocketfuel37.txt
4000,1000,RocketfuelBigtopo,2,0.03,10,rocketfuel37.txt
4000,1000,RocketfuelBigtopo,2,0.03,10,rocketfuel37.txt
4000,1000,RocketfuelBigtopo,2,0.03,10,rocketfuel37.txt
4000,1000,RocketfuelBigtopo,2,0.03,10,rocketfuel37.txt
4000,1000,RocketfuelBigtopo,2,0.03,10,rocketfuel37.txt
4000,1000,RocketfuelBigtopo,2,0.03,10,rocketfuel37.txt
4000,1000,RocketfuelBigtopo,2,0.03,10,rocketfuel37.txt
4000,1000,RocketfuelBigtopo,2,0.03,10,rocketfuel37.txt
4000,1000,RocketfuelBigtopo,2,0.03,10,rocketfuel37.txt
4000,1000,RocketfuelBigtopo,2,0.03,10,rocketfuel37.txt
4000,1000,RocketfuelBigtopo,2,0.03,10,rocketfuel37.txt
4000,1000,RocketfuelBigtopo,2,0.03,10,rocketfuel37.txt
4000,1000,RocketfuelBigtopo,2,0.03,10,rocketfuel37.txt
4000,1000,RocketfuelBigtopo,2,0.03,10,rocketfuel37.txt
4000,1000,RocketfuelBigtopo,2,0.03,10,rocketfuel37.txt
4000,1000,RocketfuelBigtopo,2,0.03,10,rocketfuel37.txt
4000,1000,RocketfuelBigtopo,2,0.03,10,rocketfuel37.txt
4000,1000,RocketfuelBigtopo,2,0.03,10,rocketfuel37.txt
4000,1000,RocketfuelBigtopo,2,0.03,10,rocketfuel37.txt
4000,1000,RocketfuelBigtopo,2,0.03,10,rocketfuel37.txt
4000,1000,RocketfuelBigtopo,2,0.03,10,rocketfuel37.txt
4000,1000,RocketfuelBigtopo,2,0.03,10,rocketfuel37.txt
4000,1000,RocketfuelBigtopo,2,0.03,10,rocketfuel37.txt
4000,1000,RocketfuelBigtopo,2,0.03,10,rocketfuel37.txt
4000,1000,RocketfuelBigtopo,2,0.03,10,rocketfuel37.txt
4000,1000,RocketfuelBigtopo,2,0.03,10,rocketfuel37.txt
4000,1000,RocketfuelBigtopo,2,0.03,10,rocketfuel37.txt
4000,1000,RocketfuelBigtopo,2,0.03,10,rocketfuel37.txt
4000,1000,RocketfuelBigtopo,2,0.03,10,rocketfuel37.txt
4000,1000,RocketfuelBigtopo,2,0.03,10,rocketfuel37.txt
4000,1000,RocketfuelBigtopo,2,0.03,10,rocketfuel37.txt
4000,1000,RocketfuelBigtopo,2,0.03,10,rocketfuel37.txt
4000,1000,RocketfuelBigtopo,2,0.03,10,rocketfuel37.txt
4000,1000,RocketfuelBigtopo,2,0.03,10,rocketfuel37.txt
